species_id,scientific_name,name
1355868,Lactuca virosa L.,야생상추
1355920,Pelargonium capitatum (L.) L'Hér.,로즈제라늄
1355932,Pelargonium graveolens L'Hér.,샌티드 제라늄
1355936,Cirsium arvense (L.) Scop.,조뱅이
1355937,Cirsium vulgare (Savi) Ten.,엉겅퀴속
1355955,Pelargonium odoratissimum (L.) L'Hér.,사과 제라늄
1355959,Pelargonium peltatum (L.) L'Hér.,아이비제라늄
1355961,Pelargonium quercifolium (L. f.) L'Hér.,오크 제라늄
1355978,Pelargonium zonale (L.) L'Hér.,무늬제라늄
1355990,Mercurialis annua L.,연간 수은
1356003,Phyllanthus tenellus Roxb.,마스카렌 섬 잎꽃
1356022,Hypericum perforatum L.,서양고추나물
1356037,Egeria densa Planch.,아나카리스 
1356055,Ibicella lutea (Lindl.) Van Eselt.,노란색 유니콘 식물
1356075,Tradescantia fluminensis Vell.,자주달개비속
1356076,Tradescantia zebrina Heynh. ex Bosse,얼룩자주달개비 
1356111,Lamium amplexicaule L.,광대나물
1356126,Lavandula dentata L.,프렌치 라벤더
1356138,Striga asiatica (L.) Kuntze,시트리가 제라늄
1356257,Melilotus albus Medik.,전동싸리속
1356278,Trifolium fragiferum L.,스트로베리클로버
1356279,Asystasia gangetica (L.) T. Anderson,차이니즈 바이올렛
1356309,Nymphaea nouchali Burm. f.,붉은 수련
1356379,Dryopteris aemula (Aiton) Kuntze,건초 향이 나는 버클러 고사리
1356380,Dryopteris affinis (Lowe) Fraser-Jenk.,드리오프테리스 아피니스
1356382,Dryopteris filix-mas (L.) Schott,유럽산 관중
1356420,Nephrolepis cordifolia (L.) C. Presl,줄고사리
1356421,Nephrolepis exaltata (L.) Schott,네프로레피스 스코치
1356428,Osmunda regalis L.,오스문다 레갈리스
1356469,Achyranthes aspera L.,우슬
1356692,Lithodora fruticosa (L.) Griseb.,리도도라 푸르티코사
1356781,Humulus lupulus L.,홉
1356816,Vaccaria hispanica (Mill.) Rauschert,말뱅이나물 
1356847,Spergularia rubra (L.) J. Presl & C. Presl,유럽개미자리
1356901,Moehringia trinervia (L.) Clairv.,모에링지아 트리너비아
1357330,Calendula officinalis L.,금잔화 
1357331,Calendula stellata Cav.,금잔화 스텔라
1357367,Carthamus caeruleus L.,잇꽃
1357379,Carthamus lanatus L.,엉겅퀴
1357506,Cirsium monspessulanum (L.) Hill,실슘 몬스페슈라늄
1357635,Helminthotheca echioides (L.) Holub,유럽/북아프리카 허브
1357652,Hyoseris radiata L.,효세리스 라디에타
1357677,Lactuca muralis (L.) Gaertn.,월 레터스
1357681,Lactuca saligna L.,버드 나무 잎 상추
1357682,Lactuca tenerrima Pourr.,라투카 테네리마
1357705,Limbarda crithmoides (L.) Dumort.,골든 샘파이어
1358094,Sedum acre L.,돌나물 에이커
1358095,Sedum album L.,돌나물속
1358096,Sedum amplexicaule DC.,세둠 엠프리시카울레
1358097,Sedum andegavense (DC.) Desv.,세둠 안데가벤세
1358099,Sedum brevifolium DC.,돌나물속
1358101,Sedum caeruleum L.,돌나물 돌작물
1358102,Sedum caespitosum (Cav.) DC.,돌나물과 한해살이풀
1358103,Sedum cepaea L.,돌나물속
1358105,Sedum dasyphyllum L.,스톤크롭
1358108,Sedum forsterianum Sm.,포스테리아눔 세드럼.
1358112,Sedum hirsutum All.,세덤 허수텀
1358119,Sedum litoreum Guss.,세덤리터럼
1358127,Sedum multiceps Coss. & Durieu,세덤 멀티셉스
1358132,Sedum rubens L.,돌나물속 루벤스
1358133,Sedum sediforme (Jacq.) Pau,페트로세덤속
1358150,Alliaria petiolata (M. Bieb.) Cavara & Grande,마늘냉이 
1358193,Boscia angustifolia A. Rich.,보스니아 앙구스폴리아
1358302,Fibigia clypeata (L.) Medik.,피피지아 클리페타
1358365,Maerua angolensis DC.,메루아 앙골렌시스
1358519,Acalypha virginica L.,버지니아 구리잎
1358605,Mercurialis perennis L.,산쪽풀
1358608,Phyllanthus reticulatus Poir.,필란투스 레티큘라투스
1358689,Hypericum androsaemum L.,안드로세멈 물레나물
1358690,Hypericum australe Ten.,남하페리쿰
1358691,Hypericum canariense L.,카나리아인 히페리쿰
1358695,Hypericum empetrifolium Willd.,히페리쿰 엠페트리포리움
1358699,Hypericum hircinum L.,히페리쿰 히르시누스목
1358700,Hypericum hirsutum L.,히페리쿰 히르수툼
1358701,Hypericum humifusum L.,히페리쿰 후미푸솜
1358703,Hypericum linariifolium Vahl,하이페리컬리나리폴리움 발
1358704,Hypericum montanum L.,히페리쿰 몬타넘
1358706,Hypericum perfoliatum L.,서양고추나물
1358710,Hypericum tetrapterum Fr.,하이페리쿰 테트라프테룸
1358711,Hypericum tomentosum L.,하이페리쿰 토멘툼
1358748,Lamium bifidum Cirillo,라미움 비피디움 시릴로
1358749,Lamium flexuosum Ten.,라미움 플렉시블룸
1358750,Lamium garganicum L.,라미움가르니쿰
1358751,Lamium hybridum Vill.,라미움하이브리디움
1358752,Lamium purpureum L.,자주광대나물
1358755,Lavandula canariensis Mill.,카나리아성 라벤더
1358759,Lavandula minutolii Bolle,라벤둘라 미누엘리 볼레
1358760,Lavandula multifida L.,고사리잎 라벤더
1358766,Lavandula stoechas L.,프렌치 라벤더
1359060,Acacia mellifera (Vahl) Benth.,세네갈리아 멜리페라
1359064,Acacia seyal Delile,시타나무
1359065,Acacia tortilis (Forssk.) Hayne,우산가시아카시아
1359197,Galega officinalis L.,갈레가
1359331,Lupinus cosentinii Guss.,루피누스 코센티니 구스
1359332,Lupinus micranthus Guss.,루피누스 미크란투스 구스
1359359,Melilotus italicus (L.) Lam.,이탈리아 멜릴로투스
1359364,Melilotus sulcatus Desf.,지중해 스윗클로버
1359483,Trifolium angustifolium L.,트리폴리움 앙구스폴륨
1359485,Trifolium arvense L.,토끼발 클로버
1359486,Trifolium aureum Pollich,큰 홉 클로버
1359488,Trifolium campestre Schreb.,노랑토끼풀
1359489,Trifolium cherleri L.,컵 클로버
1359495,Trifolium hirtum All.,로즈 클로버
1359497,Trifolium hybridum L.,앨사이크클로버
1359498,Trifolium incarnatum L.,진홍토끼풀
1359502,Trifolium lappaceum L.,우엉 클로버
1359505,Trifolium michelianum Savi,삼엽충류
1359506,Trifolium micranthum Viv.,트리폴리움 미크란툼
1359508,Trifolium montanum L.,마운틴 클로버
1359510,Trifolium ochroleucon Huds.,유황 클로버
1359513,Trifolium pannonicum Jacq.,헝가리 클로버
1359514,Trifolium patens Schreb.,트리폴리움파텐스
1359517,Trifolium pratense L.,붉은토끼풀
1359518,Trifolium purpureum Loisel.,트리폴리움 퍼푸룸
1359519,Trifolium resupinatum L.,페르시안 클로버
1359521,Trifolium scabrum L.,트리폴리움스카브룸
1359523,Trifolium spumosum L.,트리폴리움 스푸섬
1359524,Trifolium squamosum L.,트리폴리움 스쿼룸
1359525,Trifolium stellatum L.,스타 클로버
1359526,Trifolium striatum L.,트리폴리움 선조체
1359528,Trifolium subterraneum L.,땅속토끼풀
1359530,Trifolium tomentosum L.,트리폴리움토멘토룸
1359616,Punica granatum L.,석류나무
1359620,Alcea rosea L.,접시꽃
1359622,Althaea cannabina L.,대마잎 접시꽃
1359625,Althaea officinalis L.,마시멜로
1359669,Nymphaea alba L.,수련속
1359806,Hunnemannia fumariifolia Sweet,훈네마니아 피리폴리아 스위트
1359815,Papaver atlanticum (Ball) Coss.,모로코 양귀비
1359821,Papaver rupifragum Boiss. & Reut.,파파베르 루피프라그
1360004,Goniolimon tataricum (L.) Boiss.,고니올리몬 타타리쿰
1360147,Adonis aestivalis L.,아도니스 애스티발리스
1360148,Adonis annua L.,빨간 복수초
1360150,Adonis flammea Jacq.,아도니스 플래메아
1360152,Adonis microcarpa DC.,아도니스 마이크로카르파
1360153,Anemone coronaria L.,아네모네
1360154,Anemone palmata L.,아네모네 팔마타
1360427,Oldenlandia corymbosa L.,산방백운풀
1360550,Hyoscyamus albus L.,흰사리풀
1360555,Hyoscyamus niger L.,사리풀
1360588,Daphne gnidium L.,다프네 그니디움
1360590,Daphne laureola L.,라우레올라 서향
1360591,Daphne oleoides Schreb.,다프네 올레오이데스
1360618,Berula erecta (Huds.) Coville,베룰라 에렉타
1360671,Chaerophyllum temulum L.,채로필룸 텔루무스
1360687,Daucus muricatus (L.) L.,도쿠스 무리카투스
1360759,Meum athamanticum Jacq.,곰뿌리
1360808,Thapsia garganica L.,탑시아 가르가니카
1360811,Thapsia villosa L.,탑시아 빌로사
1360835,Centranthus calcitrapae (L.) Dufr.,센트란투스 칼시트라파에
1360838,Fedia cornucopiae (L.) Gaertn.,페디아 코누코피아에
1360976,Pancratium canariense Ker Gawl.,판크라티움 카나리엔세
1360978,Pancratium maritimum L.,바다수선화
1360998,Anthericum liliago L.,안테리쿰 릴리아고
1361024,Butomus umbellatus L.,구주꽃골
1361233,Danthonia decumbens (L.) DC.,히스 풀
1361316,Leersia oryzoides (L.) Sw.,겨풀
1361357,Phalaris coerulescens Desf.,팔라리스 코에룰레센스
1361507,Oncostema elongata (Parl.) Speta,온코스테마 엘롱가타
1361508,Oncostema peruviana (L.) Speta,온코스테마 페루비아나
1361524,Elodea canadensis Michx.,엘로데아 카나덴시스
1361655,Neotinea maculata (Desf.) Stearn,네오티네아 마쿨라타
1361656,Ophrys apifera Huds.,꿀벌 난초
1361658,Ophrys bombyliflora Link,땅벌 난초
1361660,Ophrys fusca Link,오프리스 푸스카
1361663,Ophrys lutea Cav.,노란벌 난초
1361666,Ophrys scolopax Cav.,오프리스 스콜로팩스
1361668,Ophrys speculum Link,흑란
1361672,Ophrys tenthredinifera Willd.,오프리스 텐스레디니페라
1361704,Groenlandia densa (L.) Fourr.,그로엔란디아 덴사
1361745,Myosoton aquaticum (L.) Moench,쇠별꽃
1361759,Cirsium palustre (L.) Scop.,개쇠뜨기 엉겅퀴
1361823,Lamium galeobdolon (L.) L.,노란대천사
1361824,Lavandula angustifolia Mill.,잉글리쉬 라벤더
1361847,Casuarina cunninghamiana Miq.,카수아리나 커닝하미아나
1361850,Trifolium rubens L.,트리폴리움 루벤스
1361891,Falcaria vulgaris Bernh.,팔카리아 불가리스
1362024,Hypericum triquetrifolium Turra,히페리쿰 트리케트리폴리움
1362064,Wigandia caracasana Kunth,위간디아 카라카사나 
1362080,Nymphaea lotus L.,수련
1362192,Sedum villosum L.,모일년초
1362294,Epipactis helleborine (L.) Crantz,에피팍티스 헬레보리네
1362385,Thesium humifusum DC.,테슘 휴미푸섬
1362398,Acacia etbaica Schweinf.,아카시아 에트바이카
1362434,Centranthus angustifolius (Mill.) DC.,센트란투스 안구스티폴리우스
1362435,Centranthus lecoqii Jord.,센트란투스 레코키
1362489,Sedum anglicum Huds.,세둠 앵글리쿰
1362490,Sedum rupestre L.,파랑 세덤
1362516,Ophrys insectifera L.,벌란
1362582,Freesia refracta (Jacq.) Klatt,프리지아 
1362834,Diatelia tuberaria (L.) Demoly,디아텔리아 투베라리아
1362927,Tradescantia pallida (Rose) D.R. Hunt,자주색달개비
1362928,Cenchrus longispinus (Hack.) Fernald,대청가시풀
1362954,Schefflera actinophylla (Endl.) Harms,홍콩대엽
1363016,Cenchrus clandestinus (Hochst. ex Chiov.) Morrone,펜니세툼 클란데스티눔
1363019,Cenchrus purpureus (Schumach.) Morrone,펜니세툼 푸르푸레움
1363021,Cenchrus setaceus (Forssk.) Morrone,펜니세툼 세타케움
1363110,Anemone hortensis L.,아네모네 호텐시스
1363117,Tradescantia cerinthoides Kunth,은달개비
1363126,Papaver argemone L.,긴가시머리양귀비
1363127,Papaver hybridum L.,바늘양귀비
1363128,Papaver rhoeas L.,개양귀비
1363129,Papaver dubium L.,좀양귀비
1363130,Papaver somniferum L.,양귀비
1363227,Daucus carota L.,당근
1363336,Smilax aspera L.,지중해청미래덩굴
1363343,Aizoon canariense L.,아이준 카나리엔스
1363359,Zannichellia palustris L.,뿔말
1363451,Secale cereale L.,호밀
1363463,Cenchrus ciliaris L.,버펠그라스
1363464,Cenchrus echinatus L.,미국가시풀
1363489,Phalaris aquatica L.,혹갈풀
1363490,Phalaris arundinacea L.,갈풀
1363491,Phalaris canariensis L.,카나리새풀
1363492,Phalaris minor Retz.,애기카나리새풀
1363493,Phalaris paradoxa L.,날개카나리새풀
1363613,Sedum hispanicum L.,세덤 히스패니컴
1363688,Crotalaria juncea L.,숙마
1363699,Lupinus angustifolius L.,가는잎미선콩
1363700,Lupinus luteus L.,노란꽃 루핀
1363701,Lupinus pilosus L.,루피누스 필로수스
1363703,Lupinus albus L.,하얀꽃 루핀
1363735,Trifolium alexandrinum L.,이집트 클로버
1363737,Trifolium dubium Sibth.,애기노랑 토끼풀
1363738,Trifolium glomeratum L.,부시 클로버
1363739,Trifolium nigrescens Viv.,트리폴리움 니그레스켄스
1363740,Trifolium repens L.,토끼풀
1363743,Dalbergia melanoxylon Guill. & Perr.,아프리카흑단
1363749,Melilotus indicus (L.) All.,좀전동싸리
1363750,Melilotus officinalis (L.) Pall.,풀전동싸리
1363764,Acacia dealbata Link,은엽 아카시아
1363769,Acacia longifolia (Andrews) Willd.,긴잎 아카시아
1363770,Acacia mearnsii De Wild.,아카시아 메아른시이
1363772,Acacia pycnantha Benth.,아카시아 피크난타
1363778,Acacia retinodes Schltdl.,물아카시아
1363871,Barbarea verna (Mill.) Asch.,봄나도냉이
1363872,Barbarea intermedia Boreau,바바레아 인터미디어 
1363970,Myosurus minimus L.,좀쥐꼬리풀
1363991,Fragaria vesca L.,야생딸기
1364000,Duchesnea indica (Jacks.) Focke,뱀딸기
1364099,Centranthus ruber (L.) DC.,레드바레리앙
1364112,Guizotia abyssinica (L. f.) Cass.,니제르
1364158,Tagetes minuta L.,만수국아재비
1364159,Tagetes patula L.,만수국
1364161,Calendula arvensis (Vaill.) L.,금잔화
1364164,Lapsana communis L.,개보리뺑이
1364165,Carthamus tinctorius L.,잇꽃
1364172,Lactuca sativa L.,상추
1364173,Lactuca serriola L.,가시상치
1364440,Arthraxon hispidus (Thunb.) Makino,조개풀
1364512,Microchloa kunthii Desv.,마이크로클로아 쿤티이
1365712,Harpachne schimperi Hochst. ex A. Rich.,하르파크네 쉼페리
1365961,Cedrela odorata L.,스페인삼나무
1366875,Aeschynomene americana L.,자귀풀
1366898,Prosopis alba Griseb.,프로소피스속
1366899,Prosopis juliflora (Sw.) DC.,메스키트 관목
1366997,Crotalaria spectabilis Roth,네마황
1367060,Crotalaria chrysochlora Baker f. ex Harms,크로탈라리아 크리소클로라
1367087,Crotalaria deflersii Schweinf.,크로탈라리아 데플러시
1367267,Crotalaria polysperma Kotschy,크로탈라리아 폴리스퍼마
1367343,Crotalaria uguenensis Taub.,크로탈라리아 우게넨시스
1367369,Crotalaria verrucosa L.,크로탈라리아 베루코사
1367431,Lupinus perennis L.,페레니스 루핀
1367432,Lupinus polyphyllus Lindl.,루피너스
1367781,Dalbergia latifolia Roxb.,동인도황단
1367784,Cordyla africana Lour.,와일드 망고
1367921,Acacia xanthophloea Benth.,아카시아
1367938,Acacia drepanolobium Harms ex Y. Sjöstedt,휘파람 가시나무 아카시아
1367949,Acacia hockii De Wild.,아카시아 호키
1367998,Acacia angustissima (Mill.) Kuntze,치소스 프레리 아카시아
1369472,Gomphocarpus integer (N.E. Br.) Bullock,곰포카르푸스 인터저
1369887,Trachelospermum jasminoides (Lindl.) Lem.,털마삭줄
1369960,Tradescantia spathacea Sw.,자주색만년초
1370279,Gymnosporia putterlickioides Loes.,큰꽃 가시나무
1370991,Conostomium kenyense Bremek.,코노스토미움 케넨시
1370993,Conostomium quadrangulare (Rendle) Cufod.,코노스토미움 쿼드랑굴라레
1371680,Mussaenda frondosa L.,백기 덤불
1371691,Mussaenda erythrophylla Schumach. & Thonn.,아샨티 블러드
1372016,Morinda citrifolia L.,모린다 시트로폴리아
1372602,Pilocarpus racemosus Vahl,아세틸로
1373151,Pelargonium alchemilloides (L.) L'Hér.,펠라르고늄 알케미요이드
1373231,Pelargonium quinquelobatum Hochst. ex A. Rich.,아이비 제라늄 로바 펄 그레이
1373259,Pelargonium glechomoides A. Rich.,펠라르고늄 글리코모이데스
1373530,Gynura aurantiaca (Blume) DC.,기누라
1373535,Gynura procumbens (Lour.) Merr.,삼붕초
1374048,Tagetes erecta L.,메리골드
1374448,Aspilia mossambicensis (Oliv.) Wild,야생 해바라기
1374450,Aspilia pluriseta Schweinf.,열대 아프리카
1374466,Schkuhria pinnata (Lam.) Thell.,큐리어스 위드
1374933,Montanoa hibiscifolia Benth.,안작 플라워
1375776,Acalypha crenata Hochst. ex A. Rich.,칼리프라나타 호흐스트
1375797,Acalypha hispida Burm. f.,아칼리파 히스피다
1375895,Phyllanthus fischeri Pax,필란투스 피셰리 팍스
1375954,Phyllanthus suffrutescens Pax,필런쑤즈 서프루테선즈 팩스
1375965,Phyllanthus acidus (L.) Skeels,스타구스베리
1375966,Phyllanthus amarus Schumach. & Thonn.,캐리미 시드
1376366,Triadica sebifera (L.) Small,오구나무
1376703,Petiveria alliacea L.,페티베리아 알리아케아
1376726,Peperomia pellucida (L.) Kunth,초호초
1379303,Guaiacum officinale L.,구아이아쿰속
1379513,Hypericum annulatum Moris,쌍떡잎식물군
1379556,Mussaenda philippica A. Rich.,무사엔다
1379585,Wigandia urens (Ruiz & Pav.) Kunth,카라쿠스 위간디아
1380874,Boscia mossambicensis Klotzsch,넓은잎 양치기나무
1380904,Boscia coriacea Pax,보시아 코리아세아 팍스
1381173,Mecardonia procumbens (Mill.) Small,메카도니아 프로컴벤스
1381468,Browallia americana L.,브로발리아 아메리카나
1382099,Acacia mangium Willd.,아카시아 만국
1383149,Casuarina equisetifolia L.,카수아리나
1383772,Aristea abyssinica Pax,아리스테아 아비시니카 팍스
1383774,Aristea ecklonii Baker,청옥수수
1384199,Erianthemum dregei (Eckl. & Zeyh.) Tiegh.,에리안테멈 드레게이
1384482,Cucurbita ficifolia Bouché,흑종호박
1384485,Cucurbita pepo L.,페포호박
1384497,Luffa acutangula (L.) Roxb.,비단 단호박
1384499,Lagenaria siceraria (Molina) Standl.,박
1384500,Lagenaria sphaerica (Sond.) Naudin,수박
1384760,Asystasia riparia Lindau,아시아리파리아린다우
1385700,Barringtonia asiatica (L.) Kurz,바다독나무
1385701,Couroupita guianensis Aubl.,캐논볼 트리
1385749,Asystasia charmian S. Moore,아시스타샤 샤르미안
1385853,Raphia farinifera (Gaertn.) Hyl.,라피아야자
1385937,Zamioculcas zamiifolia (Lodd.) Engl.,자미오쿨카스속
1387107,Kniphofia linearifolia Baker,커먼 레드 핫 포커
1387284,Smilax anceps Willd.,청미래덩굴속
1387687,Vanilla planifolia Andrews,바닐라
1387727,Ansellia africana Lindl.,안셀리아
1388905,Hypericum balearicum L.,발레아리아리쿰
1388911,Ophrys druentica P.Delforge & Viglione,오프리스 드루엔티카
1389016,Macrosyringion longiflorum (Vohl) Rothm.,장척수맥동
1389031,Pyracantha koidzumii (Hayata) Rehder,피라칸타코이드주미
1389044,Lactuca plumieri (L.) Gren. & Godr.,시케르비타 플룸리에리
1389078,Aizoanthemum hispanicum (L.) H.E.K.Hartmann,히가시나무속
1389230,Phedimus aizoon (L.) 't Hart,페디무스 아이즌
1389231,Phedimus spurius (M.Bieb) 't Hart,세둠 스퍼리움
1389294,Nephrolepis cordifolia (L.) C.Presl,줄고사리
1389297,Cereus jamacaru DC.,귀면각
1389307,Sedum pachyphyllum Rose,젤리빈 식물
1389308,Sedum dendroideum Moc. & Sessé ex DC.,나무돌작물
1389426,Liriodendron chinensis (Hemsl.) Sarg.,백합나무속
1389442,Atocion rupestre (L.) B.Oxelman,아토시온 루페스트레
1389492,Tagetes tenuifolia Cav.,시그넷 메리골드
1389510,Aegopodium podagraria L.,산미나리
1389553,Acacia melanoxylon R.Br.,호주흑목
1389567,Acacia saligna (Labill.) H.L.Wendl.,버들잎황금아카시아
1389628,Patzkea paniculata (L.) G.H.Loos,파츠케아패니쿨라타
1389630,Perovskia abrotanoides Kar.,러시안세이지
1389633,Ophrys occidentalis (Scappaticci) Scappaticci & M.Demange,오프리스 오시덴탈리스
1389921,Erechtites hieraciifolius (L.) Raf. ex DC.,붉은서나물
1389966,Cenchrus longisetus M.C.Johnst.,천칭자리
1390617,Nothofagus obliqua (Mirb.) Oerst.,노토파구스오블리카
1390637,Calendula arvensis L.,금잔화
1390956,Carthamus carduncellus L.,카르타무스 카르둔첼루스
1390957,Carthamus mitissimus L.,카르타무스미티시무스
1391110,Chaerophyllum aureum L.,채로필룸 히르수툼
1391112,Chaerophyllum hirsutum L.,채로필럼오레움
1391113,Chaerophyllum villarsii W.D.J.Koch,장골자리
1391167,Cirsium alsophilum (Pollini) Greuter,서슘 또한필룸
1391184,Cirsium canum (L.) All.,앤 여왕 엉겅퀴
1391190,Cirsium dissectum (L.) Hill,메도우 엉겅퀴
1391192,Cirsium eriophorum (L.) Scop.,키르시움 에리오포룸
1391193,Cirsium erisithales (Jacq.) Scop.,노란수레국화
1391197,Cirsium ferox (L.) DC.,서지엄 페락스
1391198,Cirsium filipendulum Lange,서지엄 필리펜절럼
1391206,Cirsium glabrum DC.,서지엄 글래브럼
1391209,Cirsium heterophyllum (L.) Hill,멜란콜리 엉겅퀴
1391221,Cirsium morisianum Rchb.f.,서지엄 모어리저넘
1391226,Cirsium oleraceum (L.) Scop.,양배추 엉겅퀴
1391235,Cirsium rivulare (Jacq.) All.,서지엄 리벌렐
1391250,Cirsium tuberosum (L.) All.,서지엄 투버러점
1391326,Collomia grandiflora Douglas ex Lindl.,콜로미아그란디플로라 더글라스
1391483,Cucurbita maxima Duchesne,서양종 호박
1391498,Cymbalaria aequitriloba (Viv.) A.Chev.,심벌라리아 아에퀴트릴로바
1391499,Cymbalaria hepaticifolia (Poir.) Wettst.,심벌라리아 헤퍼타이시포울리어
1391529,Cytinus hypocistis (L.) L.,시티누스 하이포키스티스
1391530,Cytinus ruber Fritsch,시티누스 루버 프릿치
1391648,Daphne alpina L.,다프네 알피나
1391649,Daphne cneorum L.,다프네 크네오룸
1391652,Daphne mezereum L.,다프네 메제레움
1391654,Daphne striata Tratt.,다프네 스트리아타
1391762,Dorotheanthus bellidiformis (Burm.f.) N.E.Br.,리빙스턴 데이지
1391797,Dryas octopetala L.,북극담자리꽃나무
1391805,Dryopteris carthusiana (Vill.) H.P.Fuchs,스피넬로스목 양치류
1391807,Dryopteris cristata (L.) A.Gray,드리오프테리스 크리스타타
1391809,Dryopteris dilatata (Hoffm.) A.Gray,드리옵테리스 딜라타타
1391810,Dryopteris expansa (C.Presl) Fraser-Jenk. & Jermy,퍼진고사리
1391821,Dryopteris villarii (Bellardi) Woyn. ex Schinz & Thell.,드라이압터리스 빌라아리이
1391868,Empetrum nigrum L.,검은 시로미
1391953,Epipactis atrorubens (Hoffm.) Besser,검정자주 닭의난초
1391960,Epipactis leptochila (Godfery) Godfery,에퍼팩티스 렙터칠러
1391961,Epipactis microphylla (Ehrh.) Sw.,에퍼팩티스 마익로우필러
1391962,Epipactis muelleri Godfery,에피팩티스 뮐러리
1391963,Epipactis palustris (L.) Crantz,닭의 난초
1391964,Epipactis phyllanthes G.E.Sm.,에퍼팩티스 필랜더즈
1391967,Epipactis purpurata Sm.,에퍼팩티스 퍼푸라터
1392093,Erucastrum gallicum (Willd.) O.E.Schulz,이어루캐스트럼 갤리컴
1392094,Erucastrum incanum (L.) W.D.J.Koch,아궁이자리 에루카스트룸
1392096,Erucastrum nasturtiifolium (Poir.) O.E.Schulz,에루카스트룸 나스타스티이폴리움
1392254,Fedia graciliflora Fisch. & C.A.Mey.,페디아그라실리플로라
1392361,Fragaria moschata Weston,흰땃딸기
1392365,Freesia x hybrida L.H.Bailey,프리지아 x 하이브리드카
1392418,Galega orientalis Lam.,갈레이거 오어리엔털리스
1392475,Alliaria petiolata (M.Bieb.) Cavara & Grande,마늘냉이
1392601,Geropogon hybridus (L.) Sch.Bip.,제러포건 하이브러디스
1392653,Gomphocarpus fruticosus (L.) R.Br.,풍선버들
1392654,Gomphocarpus physocarpus E.Mey.,큰풍선초
1392658,Guizotia abyssinica (L.f.) Cass.,니제르
1392689,Hebe andersonii (Lindl. & Paxton) Cockayne,헤베 안데르세
1392690,Hebe brachysiphon Summerh.,히브 브래치사이펀
1392691,Hebe ochracea Ashwin,헤베 오크라세아 애쉬윈
1392695,Hebe salicifolia (G.Forst.) Pennell,헤베 살리치폴리아
1392730,Helicodiceros muscivorus (L.f.) Engl.,헬리코디케로스 무시보루스
1392777,Hippophae rhamnoides L.,비타민나무
1393241,Hypericum calycinum L.,서양금사매
1393242,Hypericum coris L.,하이페리쿰 코리스
1393245,Hypericum elodes L.,하이페리쿰 엘로이드
1393248,Hypericum x inodorum Mill.,하이페리쿰 x 이노도룸
1393250,Hypericum maculatum Crantz,하이페리쿰 매큘레이텀
1393253,Hypericum nummularium L.,하이페리쿰 누뮬라늄
1393254,Hypericum pulchrum L.,하이페리쿰 풀크럼
1393257,Hypericum richeri Vill.,물레나물
1393294,Dierama pulcherrimum (Hook.f.) Baker,천사의 낚시대
1393322,Iva xanthiifolia Nutt.,이바 산티폴리아
1393393,Kniphofia uvaria (L.) Hook.,크니포피아 우바리아  
1393414,Lactuca alpina (L.) Benth. & Hook.f.,주머니장구채
1393416,Lactuca macrophylla (Willd.) A.Gray,락투카 마크로필라
1393418,Lactuca viminea (L.) J.Presl & C.Presl,락투카 비미네아
1393423,Lamium album L.,광대수염
1393425,Lamium maculatum (L.) L.,라미움 마쿨라툼
1393449,Lathraea clandestina L.,라트레에아 클렌데스티나
1393450,Lathraea squamaria L.,라트라에아 스쿠아마리아
1393465,Lavandula x intermedia Emeric ex Loisel.,라반딘
1393466,Lavandula latifolia Medik.,스파이크 라벤더
1393537,Limnanthes douglasii R.Br.,계란꽃
1393614,Liriodendron tulipifera L.,튤립나무
1393654,Lupinus arboreus Sims,나무루피너스
1393656,Lupinus x regalis Bergmans,레인보우 루핀
1393725,Maianthemum bifolium (L.) F.W.Schmidt,두루미꽃
1393789,Melilotus altissimus Thuill.,흰전동싸리
1393792,Melilotus officinalis (L.) Lam.,전동싸리
1393796,Melilotus spicatus (Sm.) Breistr.,멜릴로투스 스피카투스
1393818,Mercurialis ambigua L.f.,멜쿠리아리스 암비과
1393823,Mercurialis tomentosa L.,멜쿠리아리스 토멘토사
1393846,Moehringia ciliata (Scop.) Dalla Torre,멜쿠리아리스 실리아타
1393850,Moehringia muscosa L.,개벼룩속 무스코사
1393851,Moehringia pentandra J.Gay,개벼룩속 펜탄드라
1393933,Narthecium ossifragum (L.) Huds.,나르테키움 오시프라굼
1393945,"Neotinea lactea (Poir.) R.M.Bateman, Pridgeon & M.W.Chase",네오티네아 락테아
1393946,"Neotinea ustulata (L.) R.M.Bateman, Pridgeon & M.W.Chase",애기가시덤불란
1393965,Noccaea caerulescens (J.Presl & C.Presl) F.K.Mey.,노카에 카에루레센스
1393967,Noccaea montana (L.) F.K.Mey.,노카에 몬타나
1393968,Noccaea rotundifolia (L.) Moench,노카에 로툰디폴리아
1393980,Nymphaea candida C.Presl,흰눈 수련
1393981,Nymphoides peltata (S.G.Gmel.) Kuntze,노랑어리연꽃
1394072,Ophrys arachnitiformis Gren. & M.Philippe,오프리스 아라크니티포르미스
1394073,Ophrys aranifera Huds.,거미난초
1394077,Ophrys aveyronensis (J.J.Wood) P.Delforge,오프리스 아베이로넨시스
1394078,Ophrys aymoninii (Breistr.) Buttler,오프리스 아이모니니
1394082,Ophrys bertolonii Moretti,베르 톨 로니 꿀벌 난초
1394088,Ophrys catalaunica O.Danesch & E.Danesch,오프리스
1394114,Ophrys exaltata Ten.,오프리스 익살타타
1394120,Ophrys fuciflora (F.W.Schmidt) Moench,오프리스 푸키플로라
1394128,Ophrys incubacea Bianca,오프리스 인쿠바세아
1394143,Ophrys lupercalis Devillers & Devillers-Tersch.,오프리스 루페르칼리스
1394153,Ophrys morisii (Martelli) Soó,오프리스 모리사이
1394164,Ophrys passionis Sennen,오프리스 파시오니스
1394169,Ophrys provincialis (Baumann & Künkele) Paulus,오프리스 프로빈시알리스
1394183,Ophrys saratoi E.G.Camus,오프리스 사라토이
1394189,Ophrys sulcata Devillers & Devillers-Tersch.,오프리스 술카타
1394313,Oreopteris limbosperma (Bellardi ex All.) Holub,오프리스 림보스페르마
1394378,Anemone x hybrida Paxton,오노린 조베르
1394382,Anemone alpina L.,고산지대할미꽃
1394383,Pancratium illyricum L.,거미백합
1394394,Anemone apennina L.,아네모네 아페니나
1394396,Anemone baldensis L.,바람꽃
1394399,Papaver alpinum L.,고산양귀비
1394401,Papaver croceum Ledeb.,얼음양귀비
1394404,Papaver orientale L.,숙근양귀비
1394405,Papaver pseudoorientale (Fedde) Medw.,숙근양귀비
1394406,Papaver rhaeticum Leresche,노랑고산양귀비 
1394418,Anemone halleri All.,아네모네 할레리
1394420,Anemone hepatica L.,노루귀바람꽃
1394453,Pelargonium x hybridum (L.) Aiton,펠라르고늄 속
1394454,Pelargonium inquinans (L.) Aiton,제라늄
1394455,Pelargonium peltatum (L.) Aiton,아이비제라늄
1394457,Anemone montana Hoppe,아네모네 몬타나
1394460,Anemone nemorosa L.,아네모네 네모로사
1394489,Anemone pulsatilla L.,아네모네 펄사틸라
1394498,Anemone rubra Lam.,아네모네 루바라
1394502,Phedimus stellatus (L.) Raf.,페디무스 스텔라투스
1394504,Anemone sylvestris L.,눈바람꽃
1394508,Anemone trifolia L.,아네모네 트리폴리아
1394513,Anemone vernalis L.,베르날리스할미꽃
1394549,Angelica heterocarpa J.Lloyd,안젤리카 헤테로카르파
1394580,Angelica razulii Gouan,안젤리카 라줄리
1394591,Angelica sylvestris L.,야생 안젤리카
1394648,Pleurospermum austriacum (L.) Hoffm.,왜우산풀족
1394714,Sasa palmata (Burb.) Camus,제주조릿대
1394759,Anthericum ramosum L.,안티쿰 라모섬
1394994,Pyracantha coccinea M.Roem.,피라칸타 코키네아
1394995,Pyracantha rogersiana (A.B.Jacks.) Coltm.-Rog.,피라칸타 로제르시아나
1395391,Holodiscus discolor (Pursh) Maxim.,디스콜로르 홀로디스크
1395720,Sagittaria graminea Michx.,잔디잎소귀나물
1395721,Sagittaria latifolia Willd.,넓은벗풀
1395722,Sagittaria sagittifolia L.,쇠기나물
1396133,Diascia rigescens E.Mey. ex Benth.,다이아시아 리게스켄스
1396134,Diascia vigilis Hilliard & Burtt,트윈스퍼
1396143,Sedum sarmentosum Bunge,봄 야생화 돌나물
1396144,Sedum alpestre Vill.,세둠 알페스트레
1396145,Sedum annuum L.,세둠 안누움
1396156,Sedum kamtschaticum Fisch. & C.A.Mey.,기린초
1396159,Sedum mexicanum Britton,멕시코 돌나물
1396161,Sedum ochroleucum Chaix,세둠 오클라레쿰
1396165,Sedum sexangulare L.,다람쥐꼬리 세덤
1396708,Metasequoia glyptostroboides Hu & W.C.Cheng,메타세쿼이아
1396713,Telekia speciosa (Schreb.) Baumg.,텔레키아 스페시오사
1396754,Thesium alpinum L.,테시움 알피늄
1396758,Thesium linophyllon L.,테시움 리노필론
1396823,Tradescantia x andersoniana F.Ludw. & Rohweder,트라데스칸티아 안데르소니아나
1396824,Tradescantia virginiana L.,큰자주달개비
1396842,Trifolium alpestre L.,트리폴리움 알페스트레
1396843,Trifolium alpinum L.,고산클로버
1396858,Trifolium pallescens Schreb.,트리폴리움 팔레시엔스
1396867,Trifolium spadiceum L.,트리폴리움 스파디세움
1396869,Trifolium thalii Vill.,트리폴리움 탈리
1397208,Viscaria alpina (L.) G.Don,알피나 비스카리아
1397209,Viscaria vulgaris Bernh.,실레네 비스카리아
1397268,Anemone hupehensis (Lemoine) Lemoine,대상화
1397269,Anemone vitifolia Buch.-Ham. ex DC.,야면화
1397303,Adenostyles alpina (L.) Bluff & Fingerh.,고산 박쥐나물
1397305,Alcea biennis Winterl,접시꽃
1397311,Anemone narcissiflora L.,바람꽃
1397312,Anemone ranunculoides L.,라눈쿨로이데스아네모네
1397313,Angelica archangelica L.,안젤리카 
1397349,Chaerophyllum bulbosum L.,결절뿌리차빌
1397351,Cirsium acaulon (L.) Scop.,아카울론엉겅퀴
1397352,Cirsium spinosissimum (L.) Scop.,서양가시엉겅퀴
1397364,"Cymbalaria muralis P.Gaertn., B.Mey. & Scherb.",덩굴해란초
1397379,Eritrichium nanum (L.) Schrad. ex Gaudin,고산물망초
1397387,Fragaria viridis Weston,프라가리아 콜리나
1397403,Honckenya peploides (L.) Ehrh.,갯별꽃
1397407,Hypericum hyssopifolium Chaix,물레나물
1397408,Hypericum mutilum L.,물레나물
1397420,Lactuca perennis L.,산상추
1397491,Sedum atratum L.,세둠 아트라툼
1397510,Thesium pyrenaicum Pourr.,테시움 피레나이쿰
1397514,Trifolium medium L.,지그재그 클로버
1397515,Trinia glauca (L.) Dumort.,반디나물
1397550,Sedum montanum Perrier & Songeon,세덤 몬타넘
1397551,Trifolium badium Schreb.,바디움 토끼풀
1397556,Freesia refracta (Jacq.) Eckl. ex Klatt,프리지아 캘러스
1397585,Freesia alba (G.L.Mey.) Grumbleton,프리지아 알바
1397598,Cobaea scandens Cav.,코베아
1397613,Fragaria virginiana Duchesne,버지니아딸기
1397841,Anemone pratensis L.,작은할미꽃
1397959,Sagittaria lancifolia L.,사이타리아 란시폴리아
1398041,"Neotinea tridentata (Scop.) R.M.Bateman, Pridgeon & M.W.Chase",이빨난초
1398111,Adenostyles alliariae (Gouan) A.Kern.,고산박쥐나물
1398125,Ophrys pseudoscolopax (Moggr.) Paulus & Gack,오프리스 세우도스콜로팍스
1398128,Sedum palmeri S.Watson,박하장
1398130,Hypericum olympicum L.,히페리쿰 올림푸스산
1398178,Tradescantia zebrina Bosse,얼룩자주달개비
1398196,Dryopteris erythrosora (Eaton) Kuntze,홍지네고사리
1398274,Adenostyles leucophylla (Willd.) Rchb.,아데노스틸레스 루코필라
1398326,Calycanthus floridus L.,자주받침꽃
1398333,Phyllanthus niruri L.,필란투스 니루리
1398355,Ophrys araneola sensu auct.plur.,오프리스 아레놀나
1398444,Anemone blanda Schott & Kotschy,아네모네 블란다
1398447,Aralia elata (Miq.) Seem.,두릅나무
1398469,Ophrys virescens Philippe,오프리스 비레센스
1398480,Clethra alnifolia L.,매화오리나무
1398494,Corispermum pallasii Steven,코리스퍼멈 팔라시
1398513,Hypericum patulum Thunb.,망종화
1398515,Hypericum x hidcoteense Hilling ex Geerinck,세인트 존스 워트
1398526,Lupinus nootkatensis Donn ex Sims,누트카 루핀
1398567,Smilax rotundifolia L.,청미래덩굴속
1398592,Perovskia atriplicifolia Benth.,러시안세이지
1398608,Nothofagus antarctica (G.Forst.) Oerst.,노토파구스 안타르크티카
1398615,Iva annua L.,이바 아누아
1398700,Dryopteris fragrans (L.) Schott,주저리고사리
1398805,Neotinea conica (Willd.) R.M.Bateman,네오티네아 코니카
1398830,Tetraclinis articulata (Vahl) Mast.,테트라클리니스 아티쿨라타
1399063,Alcea setosa (Boiss.) Alef.,알케아 세토사
1399141,Chaerophyllum aromaticum L.,차아로필룸 아로마티쿰
1399145,Cucurbita moschata Duchesne,호박
1399157,Daphne sericea Vahl,다프네 세리시아
1399231,Lamium orvala L.,왕광대수염
1399338,Paederota bonarota (L.) L.,페데로타 보나로타
1399384,Rhodothamnus chamaecistus (L.) Rchb.,로도탐누스 차마아에시스투스
1399667,Ophrys lunulata Parl.,오프리스 루눌라타
1399783,Schefflera actinophylla Harms,홍콩대엽
1399803,Astydamia latifolia Baill.,아스티다미아 라티폴리아
1399804,Lavandula pinnata Moench,피나타 라벤더
1399920,Angelica atropurpurea L.,안젤리카 아트로푸르푸레아
1400060,Acacia pravissima F.Muell.,아카시아 프라비시마
1400080,Adonis pyrenaica DC.,아도니스 피레나이카
1400081,Adonis vernalis L.,아도니스풀
1400096,Barbarea rupicola Moris,나도냉이속
1400100,Barbarea vulgaris R.Br.,유럽나도냉이
1400104,Acacia baileyana F.Muell.,아카시아 바일레야나
1400110,Bellium bellidioides L.,벨리움 벨리디오이데스
1400471,Bocoa prouacensis Aubl.,보코아 프루아센시스
1400478,Nephrolepis biserrata (Sw.) Schott,마초 고사리
1400798,Vanilla pompona Schiede,바닐라 폼포나
1400844,Guatteria anteridifera Scharf & Maas,과테리아 안테리디페라
1401141,Caraipa densifolia Mart.,카라이파 덴시폴리아
1401148,Caraipa punctulata Ducke,카라이파 펑크투라타
1401211,Vismia cayennensis (Jacq.) Pers.,비스미아 카이엔넨시스
1401216,Vismia macrophylla Kunth,비스미아 마크로필라
1401222,Vismia sessilifolia (Aubl.) Choisy,비스미아 세실리폴리아
1401242,Dryopteris wallichiana (Spreng.) Hyl.,드라이옵테리스 왈리키아나
1401701,Xylopia frutescens Aubl.,자일로피아 프루테센스
1401711,Xylopia nitida Dunal,자일로피아 니티다
1401718,Xylopia sericea A.St.-Hil.,자일로피아 세리시아
1401735,Phyllanthus urinaria L.,여우구슬
1401736,Pogonophora schomburgkiana Miers ex Benth.,포고노포라 슘부르크키아나
1401737,Sagotia racemosa Baill.,사고티아 라세모사
1401883,Bonafousia undulata (Vahl) A.DC.,보나푸시아 운둘라타
1402303,Guarea gomma Pulle,구아레 곰마
1402356,Nymphoides indica (L.) Kuntze,어리연꽃
1402423,Anthurium hookeri Kunth,안스리움 후커리
1402433,Anthurium jenmanii Engl.,안스리움 젠마니
1402464,Anthurium scandens (Aubl.) Engl.,안스리움 스칸덴스
1402576,Dracontium polyphyllum L.,드라콘티움 폴리필룸
1402811,Crotalaria retusa L.,크로탈라리아 레투사
1402920,Peperomia magnoliifolia (Jacq.) A.Dietr.,페페로미아 매그놀리폴리아
1402921,Peperomia obtusifolia (L.) A.Dietr.,페페로미아 옵투시폴리아
1402924,Peperomia quadrangularis (J.V.Thomps.) A.Dietr.,페페로미아 쿼드랑굴라리스
1402925,Peperomia rotundifolia (L.) Kunth,페페로미아 로툰디폴리아
1402926,Peperomia serpens (Sw.) Loudon,페페로미아 서펜스
1403272,Declieuxia fruticosa (Willd. ex Roem. & Schult.) Kuntze,데클리우시아 프르티코사
1403479,Mauritia flexuosa L.f.,모리티아 플렉수오사
1403654,Urera baccifera (L.) Gaudich. ex Wedd.,우레라 박시페라
1403826,Pereskia bleo (Kunth) DC.,앵기린
1403967,Cereus hexagonus (L.) Mill.,인편주
1404002,Xylopia crinita R.E.Fr.,자일로피아 크리니타
1404481,Vanilla planifolia Jacks.,바닐라 플래니폴리아
1404745,Aciotis rubricaulis (Mart. ex DC.) Triana,아키오티스 루브리카울리스
1404776,Guatteria amplifolia Triana & Planch.,과테말라 앰플리폴리아
1404804,Luffa cylindrica (L.) M.Roem.,수세미오이
1405061,Cryptostegia madagascariensis Bojer ex Decne.,크립토스테기아 마다가스카렌시스
1405088,Schefflera decaphylla (Seem.) Harms,쉐플레라 데카필라
1405252,Aphelandra scabra (Vahl) Sm.,스카브라 아펠란드라
1405641,Asystasia gangetica (L.) T.Anderson,아시스타시아 간게티카
1405653,Piriqueta cistoides (L.) Griseb.,피리케타 시스토이드
1405685,Acalypha wilkesiana Müll.Arg.,아칼리파 월케시아나
1405686,Breynia disticha J.R.Forst. & G.Forst.,브레이니아 디스티카
1405703,Crotalaria incana L.,잉카 활나물
1406426,Crotalaria pallida Aiton,팔리다 활나물
1406486,Kigelia africana (Lam.) Benth.,소시지 나무
1406756,Guatteria citriodora Ducke,과테말라 시트리오도라
1406863,Acalypha indica L.,쐐기풀 잎
1407077,Guatteria punctata (Aubl.) R.A.Howard,과테말라 펀크타타
1407379,Anthurium crystallinum Linden & André,안스리움 크리스탈리늄
1407873,Cryptopus elatus (Thouars) Lindl.,크립토푸스 엘라투스
1407874,Cryptostegia grandiflora R.Br.,고무덩굴
1408034,Eranthemum pulchellum Andrews,에란툼 풀첼룸
1408037,Alocasia cucullata (Lour.) G.Don,알로카시아 쿠쿨라타
1408041,Alocasia longiloba Miq.,알로카시아 롱길로바
1408045,Alocasia macrorrhizos (L.) G.Don,알로카시아 마크로리조스
1408066,Faujasia salicifolia (Pers.) C.Jeffrey,포하시아 살리피포리아
1408071,Fernelia buxifolia Lam.,페르넬리아 북시폴리아
1408092,Fragaria x ananassa Duchesne ex Rozier,딸기
1408107,Geniostoma borbonicum (Lam.) Spreng.,지니오스토마 보르보니쿰
1408160,Hernandia mascarenensis (Meisn.) Kubitzki,헤르난디아 마스카르네
1408214,Hypericum lanceolatum Lam.,망종화
1408227,Acacia auriculiformis A.Cunn. ex Benth.,아카시아 오리큘리포르미스
1408284,Leonitis nepetifolia (L.) R.Br.,사자의 귀 꽃
1408386,Mussaenda arcuata Poir.,무사엔다 아쿠아타
1408401,Nephrolepis abrupta (Bory) Mett.,아부릅다 고사리
1408421,Acacia heterophylla (Lam.) Willd.,아카시아 헤테로필라
1408451,Paederia foetida L.,계요등
1408468,Pelargonium x asperum Ehrh. ex Willd.,구문초
1408490,Pereskia grandifolia Haw.,목기린
1408502,Antirhea borbonica J.F.Gmel.,보르봉 안드레아
1408507,Phyllanthus emblica L.,인디안 구스베리
1408508,Phyllanthus niruroides Müll.Arg.,필란투스 나루이드
1408509,Phyllanthus phillyreifolius Poir.,필란투스 필리레폴리우스
1408557,Pongamia pinnata (L.) Pierre,퐁가미아 피나타목
1408594,Acacia podalyriifolia A.Cunn. ex G.Don,포달리리폴리아 아카시아
1408657,Schefflera actinophylla (F.Muell.) Harms,대엽쉐플레라
1408688,Acalypha hispida Burm.f.,아칼리파 히스피다
1408718,Acalypha integrifolia Willd.,아칼리파 인테그리폴리아
1408727,Stemodia verticillata (Mill.) Hassl.,스테모디아 베르티실라타
1408734,Stoebe passerinoides (Lam.) Willd.,스토베 파세리누스목
1408738,Strongylodon macrobotrys A.Gray,스트롱길로돈 마크로보트리스
1408774,Tradescantia pallida (Rose) D.R.Hunt,자주색달개비
1408788,Trimezia martinicensis (Jacq.) Herb.,사도붓꽃족
1408810,Vangueria madagascariensis J.F.Gmel.,스패니쉬 타마린드
1408812,Vepris lanceolata (Lam.) G.Don,베리스 라네솔레타
1408845,Zaleya pentandra (L.) C.Jeffrey,잘레야 펜드라
1408869,Cereus repandus (L.) Mill.,금강산 선인장
1408874,Bismarckia nobilis Hildebr. & H.Wendl.,비스마르크 야자
1408953,Acacia nilotica (L.) Delile,떨기 나무
1408961,Schefflera arboricola (Hayata) Merr.,무늬쉐플레라 홍콩야자
1408979,Fragaria chiloensis (L.) Mill.,딸기
1409185,Aphelandra squarrosa Nees,아펜란드라 스쿠아로사
1409191,Gynura aurantiaca (Blume) Sch.Bip. ex DC.,기누라 아우란티아카
1409195,Pereskia aculeata Mill.,목기린 선인장
1409214,Peperomia argyreia (Miq.) E.Morren,수박 페페로미아
1409215,Peperomia caperata Yunck.,페페로미아 카페라타
1409216,Peperomia obtusifolia (L.) A. Dietr.,페페로미아 옵투시폴리아
1409238,Anthurium andraeanum Linden ex André,앙드레 안스리움
1409239,Anthurium scherzerianum Schott,플라밍고 안스리움 
1409283,Zamia furfuracea L.f.,멕시코 소철
1409292,Dendrobium nobile Lindl.,덴드로비움 노빌
1409295,Nandina domestica Thunb.,남천
1409296,Nymphaea nouchali Burm.f.,이집트 남수련
1409299,Falcataria moluccana (Miq.) Barneby & J.W.Grimes,생온
1409328,Acacia tortuosa (L.) Willd.,토르트우사 아카시아
1409407,Bourreria succulenta Jacq.,부레리아 스쿨렌타
1409521,Crotalaria brevidens Benth.,브레비덴스 크로탈리아
1409525,Crotalaria pumila Ortega,푸밀라 크로탈리아
1409550,Dendrobium chrysotoxum Lindl.,덴드로비움 크리소톡숨
1409551,Dendrobium crumenatum Sw.,비둘기 난초
1409552,Dendrobium moschatum (Buch.-Ham.) Sw.,모스챠툼
1409586,Entada gigas (L.) Fawc. & Rendle,바다 콩
1409642,Fittonia albivenis (Lindl. ex Veitch) R.K. Brummitt,화이트 스타
1409705,Illicium verum Hook.f.,팔각
1409746,Lactuca floridana (L.) Gaertn.,플로리다 상추
1409824,Mussaenda pubescens Dryand.,옥엽금화
1409834,Neolamarckia cadamba (Roxb.) Bosser,밤송이 꽃나무
1409839,Nymphaea ampla (Salisb.) DC.,반접잎 수련
1409918,Phyllanthus epiphyllanthus L.,엡실란투스 여우주머니
1409919,Phyllanthus mimosoides Sw.,미모소이디스 여우주머니
1409932,Pilosocereus royeni (L.) Byles & G. Rowley,파이프오르간 선인장
1410024,Selenicereus anthonyanus (Alexander) D.Hunt,생선뼈 선인장
1410025,Selenicereus grandiflorus (L.) Britton & Rose,대륜주
1410147,Zamia pumila L.,멕시코 소철
1410168,Acalypha aristata Kunth,아리스타타 아칼리파
1411423,Chamerion latifolium (L.) Holub,난쟁이 바늘꽃
1411462,Cirsium discolor (Muhl. ex Willd.) Spreng.,들 엉겅퀴
1411466,Cirsium foliosum (Hook.) DC.,에버트 엉겅퀴
1411469,Cirsium muticum Michx.,늪 엉겅퀴
1411472,Cirsium undulatum (Nutt.) Spreng.,회색 엉겅퀴
1411520,Comptonia peregrina (L.) J.M. Coult.,콤프토니아 페레그리나
1411524,Conoclinium coelestinum (L.) DC.,코엘레스티눔 등골나무
1411687,Dalea purpurea Vent.,자주 대초원 클로버
1411700,Daucus pusillus Michx.,방울뱀 잡초
1411760,Diervilla lonicera Mill.,로니케라 애기병꽃
1411827,Dryopteris carthusiana (Vill.) H.P. Fuchs,가는잎 족제비 고사리
1411829,Dryopteris cristata (L.) A. Gray,크리스타타 고사리
1411832,Dryopteris intermedia (Muhl. ex Willd.) A. Gray,장수 고사리
1411833,Dryopteris marginalis (L.) A. Gray,마지날리스 고사리
1411834,Duchesnea indica (Andrews) Teschem.,뱀딸기
1411925,Epipactis gigantea Douglas ex Hook.,개울 난초
1412311,Hypericum kalmianum L.,갈퀴망종화
1412313,Hypericum prolificum L.,짱보리
1412314,Hypericum punctatum Lam.,세인트 존 스워트
1412337,Anemone canadensis L.,카나다 아네모네
1412344,Iva frutescens L.,기나 껍질
1412368,Anemone multifida Poir.,물티피다 아네모네
1412410,Anemone virginiana L.,버지니아나 아네모네
1412412,Lactuca biennis (Moench) Fernald,라투카 비에니스
1412413,Lactuca canadensis L.,캐나다 상추
1412418,Lamium maculatum L.,라미움 마쿨라툼
1412444,Leersia virginica Willd.,겨풀속
1412445,Angelica lucida L.,루시드 안젤리카
1412595,Lupinus argenteus Pursh,은빛 루핀
1412596,Lupinus bicolor Lindl.,미니어처 루핀
1412659,Maianthemum canadense Desf.,캐나다 메이플라워
1412661,Maianthemum racemosum (L.) Link,마이안테뭄 라세모숨
1412662,Maianthemum stellatum (L.) Link,마이안테뭄 스텔라텀
1412663,Maianthemum trifolium (L.) Sloboda,세잎솜대
1412697,Mertensia maritima (L.) Gray,굴나물
1412698,Mertensia paniculata (Aiton) G. Don,키큰 블루벨
1412699,Mertensia virginica (L.) Pers. ex Link,버지니아 블루벨
1412740,Mitella diphylla L.,나도범의귀속
1412745,Moehringia lateriflora (L.) Fenzl,개벼룩 꽃
1412831,Nymphaea mexicana Zucc.,맥시카나수련
1412833,Nymphaea odorata Aiton,미국수련
1412834,Nymphaea tetragona Georgi,각시수련
1412888,Osmunda cinnamomea L.,꿩고비
1412889,Osmunda claytoniana L.,음양고비
1412946,Papaver nudicaule L.,숙근꽃양귀비
1412992,Aralia hispida Vent.,아랄리아 히스피다
1413002,Aralia nudicaulis L.,보라싸리
1413013,Aralia racemosa L.,두릅나무
1413391,Pyracantha coccinea M. Roem.,피리칸사 코키네아
1413751,Sedum divergens S. Watson,세둠 디베르힌스
1413752,Sedum lanceolatum Torr.,세둠 란스올라둠
1413753,Sedum oreganum Nutt.,세둠 오레가눔
1413755,Sedum spathulifolium Hook.,백설
1413757,Sedum ternatum Michx.,세둠 테르나툼
1413832,Smilax herbacea L.,스밀락스 헤르바체아
1413835,Smilax tamnoides L.,스밀락스 타미노이데스
1414057,Tradescantia occidentalis (Britton) Smyth,자주달개비
1414058,Tradescantia ohiensis Raf.,자주닭개비
1414272,Balsamorhiza sagittata (Pursh) Nutt.,발사모리자 사히타타
1414275,Barbarea orthoceras Ledeb.,나도냉이
1414276,Barbarea vulgaris W.T. Aiton,유럽나도냉이
1414397,Calochortus macrocarpus Douglas,콜로초르투스 매크로카푸스
1414746,Entada phaseoloides (L.) Merr.,박스콩
1414808,Cerbera manghas L.,호두야자
1414903,Hernandia cordigera Vieill.,에르난디아 코드리게라
1414924,Acacia simplex (Sparman) Pedley,심플렉스 아카시아
1415584,Dubouzetia confusa Guillaumin & Virot,두부제티아 컴퓨자
1415593,Dubouzetia campanulata Pancher ex Brongn. & Gris,두부제티아 캄파누라타
1415911,Acacia spirorbis Labill.,스피로비스 아카시아
1416420,Atractocarpus platyxylon (Vieill. ex Pancher & Sebert) Guillaumin,아트로카푸스 플라티실론
1416509,Nepenthes vieillardii Hook. f.,네펜시스 비야르디아
1417117,Dendrobium closterium Rchb.f.,석곡
1417506,Dracophyllum verticillatum Labill.,드라코필룸 베르티실라툼
1417546,Schefflera spp.,홍콩야자
1417900,Tagetes lucida Cav.,멕시코 타라곤
1417916,"Anisocampium niponicum (Mett.) Y.C.Liu, W.L. Chiou & M. Kato",개고사리
1418033,Mertensia ciliata (James ex Torr.) G. Don,메텐시아 칠리아타
1418061,Lithops fulviceps N.E.Br.,리톱스 펄비셉스
1418084,Lithops karasmontana N.E.Br.,리톱스 카라스몬타나
1418102,Lithops marmorata N.E.Br.,리톱스 마르모라타
1418140,Lithops pseudotruncatella N.E.Br.,리톱스 슈도트런카텔라
1418146,Fittonia albivenis (Lindl. ex Veitch) Brummitt,화이트 스타
1418191,Lithops spp.,리톱스
1418192,Cereus hildmannianus K.Schum.,체레우스 힐드만니아누스
1418295,Neobuxbaumia polylopha (DC.) Backeb.,대봉룡선인장
1418345,Calycanthus occidentalis Hook. & Arn.,칼리칸투스 오키덴탈리스
1418475,Tradescantia subaspera Ker Gawl.,수바스페라 달개비
1418545,Sedum kamtschaticum Fisch.,기린초
1418546,Sedum lineare Thunb.,무늬 돌나물
1418547,Sedum morganianum E.Walther,세둠 모르가니아눔
1418563,Cucurbita foetidissima Kunth,쿠르비타 포에티시시마
1418576,Eucryphia cordifolia Cav.,울모나무
1418653,Dryopteris cycadina (Franch. & Sav.) C. Chr.,나도톱지네 고사리
1418655,Dryopteris erythrosora (D.C. Eaton) Kuntze,홍지네고사리
1418659,Dryopteris sieboldii (T. Moore) Kuntze,드립테리스 시볼디
1418665,Rumohra adiantiformis (G. Forst.) Ching,루모라 고사리
1418732,Oxydendrum arboreum (L.) DC.,사워우드
1418984,Lupinus albifrons Benth.,루피누스 알비프론
1419077,Lycoris radiata (L'Hér.) Herb.,꽃무릇
1419086,Garrya elliptica Douglas ex Lindl.,가리야 엘립티카
1419091,Lycoris squamigera Maxim.,상사화
1419112,Pelargonium crispum (P.J. Bergius) L'Hér.,레몬 제라늄
1419115,Pelargonium x hortorum L.H. Bailey,빨강무늬 제라늄
1419173,Loropetalum chinense (R. Br.) Oliv.,붉은상록풍년화
1419197,Hypericum frondosum Michx.,히페리쿰 선버스트
1419334,Liriope muscari (Decne.) L.H.Bailey,맥문동
1419352,Limnanthes douglasii R. Br.,계란꽃
1419595,Nothofagus alpina (Poepp. & Endl.) Oerst.,라울리 남방너도밤나무
1419598,Nothofagus pumilio (Poepp. & Endl.) Krasser,푸밀리오 남방너도밤나무
1419612,Abeliophyllum distichum Nakai,미선나무
1419713,Dendrobium aphyllum (Roxb.) C.E.C.Fisch.,후드난초
1419720,Dendrobium spp.,긴기아난
1419807,Vanilla planifolia Jacks. ex Andrews,바닐라 난초
1419864,Heteromorpha arborescens (Spreng.) Cham. & Schltdl.,파슬리 나무
1419874,Lapageria rosea Ruiz & Pav.,칠레 도라지
1419923,Peperomia argyreia (Hook.f.) E.Morren,수박 페페로미아
1419924,Peperomia dolabriformis Kunth,청페페
1419942,Hebe franciscana (Eastw.) Souster,헤베 프란시스카나
1419949,Maurandya barclayana Lindl.,엔젤 트럼펫
1420092,Sasa palmata (Burb.) E.G.Camus,광엽대나무
1420288,Anemone patens L.,오리엔탈할미꽃
1420364,Fragaria virginiana Mill.,버지니아 딸기
1420365,Fragaria x ananassa (Duchesne ex Weston) Duchesne ex Rozier,정원 딸기
1420496,Mussaenda philippica A.Rich.,방콕 장미
1420544,Limonia acidissima Groff,리모니아
1420653,Illicium floridanum J. Ellis,플로리다붓순나무
1420700,Browallia speciosa Hook.,부시 바이올렛
1420767,Alocasia cuprea K.Koch,알로카시아 레드시크릿
1420781,Alocasia micholitziana Sander,녹색 벨벳 알로카시아
1420787,Alocasia odora (Lindl.) K.Koch,알로카시아 오도라
1420792,Daphne odora Thunb.,서향
1420795,Alocasia sanderiana W.Bull,알로카시아 산데리아나
1420796,Daphne tangutica Maxim.,탕구트서향
1420863,Kniphofia uvaria (L.) Oken,우바리아니포피아
1420896,Zamia furfuracea L.f. ex Aiton,멕시코소철
1420929,Guaiacum sanctum L.,유창목
1420931,Nepenthes spp.,벌레잡이통풀
1421001,Pelargonium spp.,제라늄
1421011,Pancratium maritimum L. L.,바다수선화
1421021,Sedum palmeri S. Watson,파머세덤
1421026,Aphelandra sinclairiana Nees,파나마여왕
1421107,Alocasia macrorrhizos (L.) G. Don,알로카시아 마크로리조스
1421386,Acacia confusa Merr.,상사수
1421523,Acacia koaia Hillebr.,아카시아 코아이아
1421628,Nephrolepis falcata (Cav.) C. Chr.,피쉬테일 고사리
1422105,Tradescantia zebrina hort. ex Bosse,얼룩자주달개비
1422636,Calodendrum capense (L.f.) Thunb.,케이프밤나무
1422712,Pelargonium grandiflorum Willd.,레갈제라늄
1422721,Hypericum revolutum Vahl,하이페리쿰 레볼루툼
1423286,Schkuhria pinnata (Lam.) Kuntze ex Thell.,드워프 멕시코 금잔화
1423469,Maytenus boaria Molina,메이테누스 보아리아
1423633,Melampodium perfoliatum (Cav.) Kunth,애기해바라기 멜람포디움
1423932,Hernandia nymphaeifolia (J.Presl) Kubitzki,랜턴 트리
1424003,Mazus pumilus (Burm.f.) Steenis,주름잎
1424005,Melampodium divaricatum (Rich.) DC.,멜람포디움 애기하늘바라기
1424377,Breynia vitis-idaea (Burm.f.) C.E.C.Fisch.,브레이니아 비티스 이다이아
1425433,Prosopis farcta (Banks & Sol.) J.F.Macbr.,프로소피스속
1425899,Acacia farnesiana Willd.,스위트 아카시아
1427043,Freycinetia cumingiana Gaudich.,초승달 난초
1427659,Crotalaria laburnifolia L.,딸랑이 꼬투리
1427821,Dalbergia sissoo DC.,시수 나무
1428059,Dischidia nummularia R.Br.,디시디아 버튼
1430280,Schefflera heptaphylla (L.) Frodin,셰플레라 헵타필라
1430287,Schinopsis balansae Engl.,버드나무 잎 붉은 퀘브라초
1430515,Smilax china L.,청미래덩굴
1431222,Barringtonia acutangula (L.) Gaertn.,담수맹그로브
1431925,Maerua triphylla A. Rich.,마에루아 트리필라
1432545,Asystasia mysorensis (Roth) T.Anderson,아시스타시아 마이소렌시스
1432783,Lactuca virosa Habl.,야생상추
1432786,Calendula arvensis M.Bieb.,금잔화
1432824,Herbertia lahue (Molina) Goldblatt,헤르베르티아 라후에
1433158,Hypericum hypericoides (L.) Crantz,세인트 앤드류의 십자가
1433176,Hypericum tetrapetalum Lam.,히페리쿰
1433496,Keckiella cordifolia (Benth.) Straw,케키엘라 코르디폴리아
1434011,Liriope muscari (Decne.) L.H. Bailey,맥문동
1434232,Lupinus chamissonis Eschsch.,가는잎미선콩속
1434249,Lupinus diffusus Nutt.,하늘색 루핀
1434258,Lupinus formosus Greene,여름 루핀
1434267,Lupinus hirsutissimus Benth.,가시 루핀
1434320,Lupinus subcarnosus Hook.,샌디랜드 블루보넷
1434326,Lupinus texensis Hook.,텍사스 블루보넷
1434383,Lyonothamnus floribundus A. Gray,카탈리나 아이언우드
1434584,Mazus pumilus (Burm. f.) Steenis,주름잎
1434594,Melampodium leucanthum Torr. & A. Gray,평원 블랙풋 데이지 
1434712,Metasequoia glyptostroboides Hu & W.C. Cheng,메타세쿼이아
1435225,Aralia californica S. Watson,엘크 클로버
1435228,Nyctaginia capitata Choisy,분꽃과
1435260,Aralia spinosa L.,스피노사 두릅
1435709,Pelargonium panduriforme Eckl. & Zeyh.,펠라르고니움 판두리포르메
1435714,Pelargonium zonale (L.) L'Hér. ex Aiton,무늬제라늄
1436922,Prosopis glandulosa Torr.,허니메스키트
1436923,Prosopis pubescens Benth.,스크루빈 메스키트
1437724,Sagittaria montevidensis Cham. & Schltdl.,대륜벗풀
1438033,Sedum albomarginatum R.T. Clausen,페더 리버 스톤 크롭
1438041,Sedum glaucophyllum R.T. Clausen,절벽 돌작물
1438043,Sedum laxum (Britton) A. Berger,로즈플라워 스톤 크롭
1438045,Sedum moranense Kunth,레드 스톤 크롭
1438049,Sedum niveum Davidson,데이비슨 스톤 크롭
1438052,Sedum obtusatum A. Gray,시에라 스톤 크롭
1438056,Sedum pulchellum Michx.,위도우크로스
1438352,Smilax bona-nox L.,청미래덩굴과
1438354,Smilax glauca Walter,우디 덩굴
1438358,Smilax laurifolia L.,청미래덩굴속
1438616,Stanleya pinnata (Pursh) Britton,사막 프린세스 플룸
1438868,Tagetes lemmonii A. Gray,레몬 매리골드
1439145,Tradescantia crassifolia Cav.,달개비
1439703,Xylococcus bicolor Nutt.,미션 만자니타
1440273,Brodiaea elegans Hoover,하비스트 브로디아
1440412,Calochortus eurycarpus S. Watson,흰 마리포사 백합
1440416,Calochortus gunnisonii S. Watson,구니슨 마리포사 백합
1440423,Calochortus leichtlinii Hook. f.,칼로코르투스 라이흐틀리니 후크
1440425,Calochortus luteus Douglas ex Lindl.,노랑 마리포사 백합
1440440,Calochortus splendens Douglas ex Benth.,화려한 마리포사 백합
1440446,Calochortus tolmiei Hook. & Arn.,톨미의 별 튤립
1440476,Calylophus hartwegii (Benth.) P.H. Raven,하트위그 달맞이꽃
1441099,Chaerophyllum tainturieri Hook.,전호아재비
1441349,Cirsium altissimum (L.) Hill,큰 엉겅퀴
1441375,Cirsium horridulum Michx.,억센 엉겅퀴
1441410,Cirsium texanum Buckley,텍사스 엉겅퀴
1442541,Diervilla sessilifolia Buckley,애기병꽃나무
1442833,Acacia berlandieri Benth.,아카시아 벨란디에리
1442865,Elephantopus elatus Bertol.,키 큰 코끼리발
1442930,Alocasia cucullata (Lour.) G. Don,중국 토란
1444049,Acacia redolens Maslin,아카시아 레돌렌스
1444156,Acacia rigidula Benth.,검은붓 아카시아
1444195,Hackelia velutina (Piper) I.M. Johnst.,하켈리아 벨루티나
1444216,Haplophyton crooksii (L.D. Benson) L.D. Benson,하플로피톤 크룩시이
1447962,Aextoxicon punctatum Ruiz & Pav.,올리빌로
1449139,Lithops aucampiae L. Bolus,리톱스 오캠피
1449149,Lithops olivacea L. Bolus,리톱스 올리바세아
1453004,Cyrtanthus elatus (Jacq.) Traub,스카버러 백합
1455408,Guatteria aeruginosa Standl.,과테리아 아루기노사
1460343,Dischidia ovata Benth.,워터멜론 디스키디아
1463177,Trachelospermum asiaticum (Siebold & Zucc.) Nakai,마삭줄
1464023,Alocasia baginda Kurniawan & P.C.Boyce,알로카시아 실버드래곤
1464054,Alocasia lauterbachiana (Engl.) A.Hay,알로카시아 로터바키아나 
1464075,Alocasia reginula A.Hay,알로카시아 블랙벨벳
1464086,Alocasia wentii Engl. & K.Krause,알로카시아 웬티
1464088,Alocasia zebrina Schott ex Van Houtte,알로카시아 제브리나
1464459,Anthurium clarinervium Matuda,안스리움 클라리네비움
1464567,Anthurium faustomirandae Pérez-Farr. & Croat,안스리움 파우스토미란다에
1465016,Anthurium salvinii Hemsl.,안스리움 살비니니
1465026,Anthurium schlechtendalii Kunth,안스리움 슐레흐텐달리
1465149,Anthurium veitchii Mast.,안스리움 베이치
1465170,Anthurium warocqueanum T.Moore,안스리움 와로쿠아넘
1470435,Wodyetia bifurcata A.K.Irvine,여우꼬리야자
1486475,Cereus forbesii C.F.Först.,회오리선인장
1486501,Cereus uruguayanus R. Kiesling,세레우스 우루과이누스
1486655,Coryphantha elephantidens (Lem.) Lem.,백자 상아환
1488001,Pilosocereus chrysostele (Vaupel) Byles & G.D.Rowley,필로소세레우스 크리소스텔
1488026,Pilosocereus pachycladus F. Ritter,금청각
1488171,Selenicereus anthonyanus (Alexander) D.R. Hunt,생선뼈선인장
1488206,Stenocactus multicostatus (Hildm.) A. Berger ex A.W. Hill,천파만파 선인장
1488285,Tephrocactus geometricus (A. Cast.) Backeb.,습지야
1491513,Pterocephalus perennis Coult.,프테로케팔루스 페레니스
1494482,Maytenus ilicifolia Mart. ex Reissek,메이티너스 일리시포울리어
1497434,Cyanotis somaliensis C.B.Clarke,시아노티스 소말리아엔시스
1497630,Tradescantia × andersoniana W.Ludw. & Rohweder,자주달개비
1497667,Tradescantia sillamontana Matuda,털달개비
1503981,Cirsium palustre (L.) Coss. ex Scop.,개쇠뜨기 엉겅퀴
1506976,Erechtites minima (Poir.) DC.,에레히트 미니마
1513142,Lactuca alpina (L.) A.Gray,주머니장구채
1513780,Leptinella potentillina F.Muell.,렙티넬라 포텐틸리나
1514035,Leucophyta brownii Cass.,쿠션부쉬
1514627,Melampodium divaricatum (Rich. ex Rich.) DC.,멜람포디움 애기하늘바라기
1516297,Othonna capensis L.H.Bailey,루비 넥크리스
1518683,Rhodanthe chlorocephala (Turcz.) Paul G.Wilson,종이꽃
1522375,Tagetes lemmonii A.Gray,레몬 매리골드
1522377,Tagetes lunulata Ortega,붉은 초승달 마리골드
1529081,Sedum adolphii Raym.-Hamet,세듐 아돌피
1529084,Sedum allantoides Rose,바나나 미인
1529107,Sedum burrito Moran,구슬얽이
1529124,Sedum clavatum R.T. Clausen,세둠 클라바툼
1529128,Sedum compressum Rose,홍화장
1529144,Sedum cyaneum J. Rudolph,세둠 시아네움
1529148,Sedum decumbens R.T. Clausen,세둠 디컴번스
1529179,Sedum furfuraceum Moran,옥연
1529205,Sedum hernandezii J. Meyrán,녹귀란
1529212,Sedum japonicum Siebold ex Miq.,돌채송화
1529242,Sedum makinoi Maxim.,둥근잎비름
1529265,Sedum nussbaumerianum Bitter,첨후엽변경
1529305,Sedum praealtum A.DC.,세둠 프라에알툼
1529328,Sedum rubrotinctum R.T. Clausen,홍옥
1535203,Uncinia rubra Colenso ex Boott,언시니아 루브라
1538569,Empetrum rubrum Vahl ex Willd.,붉은시로미
1542499,Acalypha macrostachya Jacq.,아칼리파 매크로스타치야
1550658,Pelargonium echinatum Curtis,펠라고늄 에치나툼
1550692,Pelargonium × hortorum L.H. Bailey,제라늄
1550785,Pelargonium sidoides DC.,펠라고니움 시도이데스
1550799,Pelargonium tomentosum Jacq.,페퍼민트 제라늄
1560405,Lavandula canariensis (L.) Mill.,라반둘라 카나리엔시스
1567995,Acacia auriculiformis Benth.,귀걸이 아카시아
1568056,Acacia brevispica Harms,화이트 아카시아
1568102,Acacia caven (Molina) Molina,아카시아 캐번
1568134,Acacia cognata Domin,가는잎 아카시아
1568144,Acacia confluens Maiden & Blakeley,아카시아 컨플루엔스
1568799,Acacia podalyriifolia G.Don,둥근잎 아카시아
1568914,Acacia saligna (Labill.) Wendl.,버들잎황금아카시아
1576296,Dalbergia retusa Hemsl.,코코볼로
1580985,Lupinus nootkatensis Sims,누트카 루핀
1584568,Prosopis pallida (Willd.) Kunth,키아베
1600531,Cedrela fissilis Vell.,아르헨티나 삼나무
1608001,Nepenthes mirabilis (Lour.) Druce,네펜데스 미라빌리스
1608003,Nepenthes × neglecta Macfarl.,네펜데스 니글렉터 맥팔
1608023,Nothofagus betuloides (Mirb.) Oerst.,마젤란 너도밤나무
1608027,Nothofagus dombeyi (Mirb.) Oerst.,돔비 너도밤나무
1608034,Nothofagus nitida (Phil.) Krasser,니티다 너도밤나무
1608440,Nymphaea rubra Roxb. ex Andrews,붉은 수련
1617292,Dendrobium anosmum Lindl.,단향석곡
1617904,Dendrobium kingianum Bidwill ex Lindl.,킹기아눔석곡
1618100,Dendrobium munificum (Finet) Schltr.,덴드로비움 무니피쿰
1618570,Dendrobium thyrsiflorum B.S.Williams,구화석곡
1618661,Dendrobium victoriae-reginae Loher,덴드로비움 빅토리아레지나
1621823,Erycina pusilla (L.) N.H.Williams & M.W.Chase,에리시나 푸실라
1638998,"Adlumia fungosa (Aiton) Britton, Sterns & Poggenb.",알레게니 덩굴
1643184,Peperomia albovittata C. DC.,페페로미아 알보비타타
1643341,Peperomia clusiifolia (Jacq.) Hook.,페페로미아 클루시폴리아
1643349,Peperomia columella Rauh & Hutchison,페페로미아 콜루멜라
1643491,Peperomia ferreyrae Yunck.,유엽초초
1643553,Peperomia graveolens Rauh & Barthlott,페페로미아 그라베올렌스
1643690,Peperomia maculosa (L.) Hook.,페페로미아 마큘로사
1643819,Peperomia pecuniifolia Trel. & Standl.,페페로미아 호프
1643866,Peperomia polybotrya Kunth,하엽초초
1643887,Peperomia prostrata B.S. Williams,페페로미아 프로스트라타
1644145,Peperomia tetragona Ruiz & Pav.,페페로미아 테트라고나
1644223,Peperomia verticillata (L.) A.Dietr.,레드로그 페페로미아
1646149,Hebe andersonii (Lindl. & J. Paxton) Cockayne,올 블룸 아리아나
1662426,Lomatia ferruginea R. Br.,로마티아 페루기나
1663341,Anemone pavoniana Boiss.,아네모네
1663381,Anemone tomentosa (Maxim.) C.Pei,로부스티시마
1664348,Hepatica nobilis Mill.,노루귀바람꽃
1667445,Fragaria × ananassa (Duchesne ex Weston) Duchesne ex Rozier,딸기
1675513,Margaritopsis haematocarpa (Standl.) C.M.Taylor,커피나무과
1682159,Angostura granulosa (Kallunki) Kallunki,앙고스트라 그래눌로사
1689963,Smilax excelsa L.,청미래덩굴속
1694631,Coussapoa villosa Poepp. & Endl.,쿠사포아 빌로사
1697960,Cyphostemma cyphopetalum (Fresen.) Desc. ex Wild & R.B.Drumm.,시포스템마 사이포페탈룸
1697991,Cyphostemma juttae (Dinter & Gilg) Desc.,시포스템마 쥬테
1698065,Cyphostemma serpens (Hochst. ex A.Rich.) Desc.,시포스테마 세르펜스
1711751,Nepenthes alata Blanco,네펜테스 알라타
1711753,Nepenthes truncata Macfarl.,네펜테스 트룬카타
1711775,Lavandula spp.,피나타 라벤더
1711787,Cymbalaria muralis P.Gaertn.,덩굴해란초
1711873,Aphelandra aurantiaca Lindl.,아펠란드라 아우란티아카
1712003,Guatteria dolichopoda Donn. Sm.,과테리아 돌리코포다
1712019,Stenanona costaricensis R.E. Fr.,스테나노나 코스타리센시스
1712365,Schefflera morototoni (Aubl.) Maguire,셰플레라 모로토토니
1713198,Bourreria andrieuxii (DC.) Hemsl.,부레리아 안드리우시이
1713199,Bourreria costaricensis (Standl.) A.H. Gentry,부레리아 코스타리센시스
1717570,Alibertia edulis (Rich.) A. Rich.,알리베르티아 에둘리스
1718287,Acacia senegalensis (Houtt.) Roberty,아카시아 세네갈렌시스